text,label
yes it was okay,77
oh awesome!,77
يبدو ذلك جيدا!,77
يا هذا رائع,77
انطلق,77
good.,77
lets do this,77
yes.,77
yeeees,77
that's great,77
yes sirfr,77
thats fine,77
موافق.,77
هيا بنا نقوم بذلك,77
please,77
absolutely,77
إنطلق,77
قصة رائعة يا أخي,77
yes please,77
si,77
شيء مؤكد,77
أعلى,77
هذا يبدو جيدًا,77
لا تقلق,77
Yup,77
يييس,77
ok...,77
قبول,77
definitely yes without a doubt,77
yes I do,77
نعم نعم نعم,77
موافق...,77
لقد حصلت علي ، أنا أقبل ، إذا كنت تريد مني ذلك,77
ys,77
نعم ...,77
هذا جيد,77
ok fine,77
اوه رائع!,77
حسنًا بالتأكيد,77
YUP,77
yess,77
نعم هذا لطيف,77
done,77
yeah sure,77
حسنًا ، سارة,77
I changed my mind. I want to accept it,77
yes that's what i want,77
نعم اذهب لذلك,77
أجل رائع,77
yep,77
ja,77
yyeeeh,77
حسنا,77
نعم، أنا أحب أن,77
i will!,77
Yep that's fine,77
إي نعم,77
نعم حبيبي,77
yes great,77
نعم انا,77
i accept,77
yes baby,77
Yes please,77
نعم، ذلك عظيم,77
نوعا ما,77
ك ك,77
yep thats cool,77
Yea,77
k,77
في احسن الاحوال,77
أوكي دوكي,77
إطلاقا,77
ya thats cool,77
okay cool,77
yesss,77
بالتأكيد,77
حسنا لنبدأ,77
well yes,77
اذهب,77
considering,77
awesome,77
it is ok,77
ok I behave now,77
Yepp,77
تسير بشكل جيد للغاية,77
نعم',77
yres,77
yas,77
انا سوف!,77
hell yeah,77
لقد استخدمتها في الماضي,77
رائع,77
Oh yes,77
جو,77
نعم أريد ذلك,77
ya cool,77
yes accept please,77
هذا جيّد,77
رائعة حقا!,77
hell yes,77
نعم هذا رائع,77
ja thats great,77
حسنا..,77
يا من فضلك,77
yes i am,77
اللعنة نعم!,77
yep. :/,77
ok good,77
نعم أفعل,77
Okay cool,77
thats great,77
بلى,77
accepted,77
نعم من فضلك,77
و,77
Yes I accept,77
ez,77
نعم ، لما لا,77
agreed,77
how nice!,77
cool story bro,77
kk,77
ok sara,77
حسنًا ، رائع,77
أفعل,77
Ofcourse,77
really,77
اريد ذلك,77
I'd absolutely love that,77
أنا متأكد من أني سوف!,77
نعم لدي!,77
Ok,77
نعم '=,77
great!,77
yes go for it,77
ياس,77
yeah,77
yes please!,77
a little,77
yesyestyes,77
yes it is,77
نعم تستطيع,77
okie,77
top,77
ah ok,77
yes of course,77
متفق عليه,77
ye splease,77
oki doki,77
sure!,77
نعم بالتأكيد,77
أحصل عليه,77
yeah why not,77
oh super,77
لقد سألتني سؤالاً بنعم أو لا ، فأجبته بنعم,77
حسنا جيد,77
نعم طبعا,77
hm i'd like that,77
ya go for it,77
amazing!,77
ك,77
أنا سوف,77
lets do it,77
I agree,77
حسنا سارة,77
y,77
أجل أقبل,77
yop,77
Ok let's start,77
I will,77
I am using it,77
لطيف,77
oh good !!,77
نعم ، سأفعل شكرا لك,77
نعم إذا اضطررت لذلك,77
Sweet,77
Yes,77
yaps,77
نعم هذا ما أريده,77
بالتأكيد!,77
i am!,77
أوه عظمى,77
yep if i have to,77
Okay!,77
القليل,77
اه هاه,77
وافقت,77
حسنًا ، أنا أتصرف الآن,77
تؤكد,77
Yesyestyes,77
نعم الجحيم,77
ofcoure i do,77
ok i accept,77
accept,77
yes give me information,77
ok Sara,77
go for it,77
oui,77
fcourse,77
ya please,77
عظيم,77
I'm using it,77
جيز,77
YES,77
ye,77
حلو,77
yes pls,77
yes i accept,77
yap,77
كم هو جميل!,77
perfect,77
رائع!,77
بالطبع أفعل,77
نَعَم,77
جيد.,77
okay..,77
yes I'd love to,77
نعم أنا أقبل,77
رجاء,77
I guess so,77
thats good,77
yes i agree,77
نعم ، أعطني معلومات من فضلك,77
yes you can,77
طيب أنا أقبل,77
ليس سيئًا,77
yes cool,77
من فضلك,77
yesyesyes,77
yea,77
نعم افعل ذلك,77
لنفعلها,77
uh huh,77
SURE,77
انتم,77
yeah'=,77
هذا رائع,77
alright cool,77
More a less,77
great lets do that,77
نعم. : /,77
كثيرا جدا,77
fuck yeah!,77
نعم اوافق,77
you got me I accept if you want me to,77
يا تذهب لذلك,77
awesome!,77
jo,77
Yes.,77
Okay,77
I do,77
yep i want that,77
yessoo,77
ya i want,77
yesh,77
نعم من فضلك!,77
نعم سيدي,77
yes pleae,77
عادلة بما فيه الكفاية,77
طبعا أكيد,77
هل حقا,77
Yep!,77
جيد !!,77
That would be great,77
عظيم ، دعونا نفعل ذلك,77
نعم عظيم,77
أكثر وأقل,77
نعم اريد,77
of course,77
Sure,77
رائعة!,77
sure thing,77
yay,77
ok I understood,77
اعتقد ذلك,77
yeeeeezzzzz,77
ok..,77
I have used it in the past,77
نعم تقبل من فضلك,77
انا غيرت رأيي. اريد ان اقبله,77
حسنا عظيم,77
yes go ahead,77
سنوات,77
go,77
نعم كان بخير,77
ياي,77
أذهب خلفها,77
sounds good!,77
Yeah,77
PLEASE,77
great,77
ممتاز,77
yes ...,77
yes',77
OK,77
that is cool,77
هذا سيكون رائع,77
yes that's great,77
يبس,77
sure,77
Oh ok,77
amayzing,77
I get it,77
نعم,77
انا!,77
oh cool,77
أنا استخدامه,77
going super well,77
ofcourse,77
very much,77
Yep,77
نعم!,77
مع مراعاة,77
I'm sure I will!,77
fine,77
i want that,77
"yes, give me information, please",77
نعم جميل,77
yes i have built a bot before,77
alright,77
حسنا صديقي,77
ok,77
ja cool,77
غرامة,77
"yep, will do thank you",77
go ahead,77
jezz,77
بالطبع,77
i agree,77
وافقت.,77
نعم هذا جيد,77
okay sure,77
not bad,77
ok friend,77
that ok,77
yes,77
نعم لقد قمت ببناء روبوت من قبل,77
طيب فهمت,77
I accept.,77
أنا بالتأكيد أحب ذلك,77
"you asked me a yes or no question, which i answered with yes",77
okay,77
that sounds fine,77
yesssss,77
yep please,77
نعم.,77
موافق,77
"yes, cool",77
انا استخدمة,77
ص,77
yaah,77
Yes I do,77
ok cool,77
Yes please!,77
ya,77
قبلت,77
حسنًا ، أود ذلك,77
confirm,77
نعم أقبل,77
ok great,77
نعم رجاء,77
نعم إنه كذلك,77
بالتأكيد نعم دون أدنى شك,77
yep that's nice,77
fair enough,77
Yeah sure,77
تمام!,77
ook,77
معلومات عظيمة,78
cool :),78
انت عظيم,78
that is funny,78
I like you,78
انها ل,78
إنك لرائع,78
That's awesome.,78
you are realy intelligent,78
You are great,78
انت جيد,78
إنه رائع جدًا,78
بارد,78
i love you,78
happy,78
you are a badass bot!,78
sweet,78
you are doin great,78
haha,78
Lol,78
you seem pretty cool :D,78
you are so smart,78
أنت ذكي حقًا,78
حسنًا يا راسبوت ، أنت رائع,78
cool beans,78
:د,78
coolio,78
أحبك,78
i am happy today,78
مضحك جداً,78
HAHA,78
مثلك,78
أنا أحب راسا,78
today was a nice day,78
أنت رائع,78
you good,78
يبدو جميل,78
you are awesome,78
such a great demo,78
أنت لطيف.,78
سعيدة,78
you are cool man,78
cool!,78
أنا سعيد جدا بردك,78
Super! I love Rasa,78
Looks nice,78
I mean to say that I liked the explanation,78
أنا معجب بك,78
ha ha,78
انت ذكي جدا,78
ها ها ها ها,78
هاهاها هذا مضحك,78
i am very happy with your response,78
هههه,78
I like Rasa,78
أشعر بالسعادة,78
لول,78
i am happy,78
You're really cool,78
انت مرح,78
بارد!,78
:),78
انا احبك,78
أنا سعيد اليوم,78
hèhè,78
أنت لطيف,78
انت رجل رائع,78
تبدو رائعًا: د,78
كان ذلك تفاعلًا رائعًا,78
hAHAHA,78
فهمتك,78
أنا سعيد,78
مثل هذا العرض الرائع,78
:D,78
You're cute.,78
أنت روبوت بدس!,78
رائعة! انا احب راسا,78
hahah,78
Wow,78
حلو,78
that was a great interaction,78
Got it,78
wow,78
"okay Rasabot, you're cool",78
You're nice.,78
كوليو,78
you are great,78
I love you,78
Lol thats funny,78
ذلك مضحك,78
LOL,78
WOW,78
بارد :),78
اليوم كان يوما جميلا,78
I am happy,78
hahaha,78
هاها,78
thats funny,78
حبوب فاصولياء رائعة,78
أنت رائع حقًا,78
like u,78
lol,78
you are my new bestfriend,78
love you,78
راسا رائع,78
see you . bye,79
good bye rasa bot!,79
bye .,79
adios?,79
Exit,79
take care,79
Close this talk,79
see ya,79
bye for now,79
طاب مساؤك,79
bye bye,79
مع السلامة.,79
bye udo,79
k byyye #slay,79
bye!,79
Bye bye,79
مخرج,79
وداعا .,79
حسنا الوداع,79
ثم وداعا,79
وداع,79
وداعا!,79
"ok, bye",79
اراك لاحقا,79
goodbye.,79
أغلق هذا الحديث,79
أرك لاحقًا . وداعا,79
قصيرة,79
goodnight,79
ciao,79
ok Bye,79
وداعا أودو,79
ok.bye,79
تلاك اليك لاحقا,79
toodle oo,79
تصبح على خير,79
good bye,79
goodbye,79
byr,79
علي الذهاب,79
then bye,79
وداعا بوت,79
bye :P,79
وداعا,79
bye bot,79
farewell,79
gotta go,79
يعتني,79
Bye,79
see u later,79
مع السلامة,79
bye was nice talking to you,79
باي باي بوت,79
وداعا؟,79
good night,79
tlak to you later,79
absolutely not,80
لا اريد,80
noooooooooooooooooooooooooooooooooooooooo,80
لا ليس لي,80
لااااااااااااااااا,80
nope,80
nah,80
بالطبع لا,80
i don't want to give you my email,80
"stop it, i do not care!!!",80
neither,80
"nah, i'm good",80
لا روبوتات على الإطلاق,80
أنا لا أوافق,80
no bots at all,80
Not really,80
no you did it wrong,80
no i dont want to accept :P lol,80
لا هذا ولا ذاك,80
لا سيدي,80
ليس الآن,80
"no, thankyou",80
لا أحتاج إلى مساعدة في التثبيت,80
nah not for me,80
لا، شكرا,80
not right now,80
لا أريد أن أعطيك بريدي الإلكتروني,80
لا أعتقد ذلك,80
لا ، أنا أكرهه,80
never mind,80
i guess it means   no,80
Neither,80
رقم :(,80
ليس بعد,80
لا انا بخير,80
i don't want to,80
i decline,80
No.,80
ناه ، المرة الأولى,80
deny,80
لا احد منهم,80
لا اذهب,80
انها تسير بشكل سيء جدا,80
"no, i hate it",80
nop,80
no thanks,80
it sucks,80
لا سيدتي,80
لا أريد أن أعطيها لك,80
sorry not right now,80
it is going pretty badly,80
Nah,80
no sorry,80
"No, thank you",80
"nah, first time",80
أنا لا أريد أن أقبل: P lol,80
"no, thanks",80
nah I'm good,80
definitely not,80
NO DON"T WANT THIS!,80
no I dont want,80
no i can't,80
i'm afraid not,80
none of them,80
أنا لا أحب هذا,80
I don't agree,80
لا ، لا أريد أن أقبل: P lol,80
n,80
no. u r idiot,80
أبدا,80
noooooooooo,80
لا لا استطيع,80
never,80
انها sux,80
i don't think so,80
no i don't accept,80
no go,80
I don't want to give it to you,80
no way,80
"No, not really.",80
أنا لا أعطيك عنوان بريدي الإلكتروني,80
لا. أنا جيد,80
ليس صحيحا,80
No thank you,80
I'm not giving you my email address,80
ما يسمى,80
آسف ليس الآن,80
nope!,80
مستحيل,80
توقف ، لا يهمني !!!,80
this sucks,80
not yet,80
no and no again,80
رقم,80
I don't wanna tell the name of my company,80
no I haven't decided yet if I want to sign up,80
لن أعطيها لك,80
thanks but no thanks,80
لا للأسف,80
Never,80
i dont want to,80
تمتص,80
not going well at all,80
no thank s,80
ما زلت لا تريد أن أقول,80
nein,80
هذا سيء,80
no thank you,80
لا ، لقد فعلت ذلك خطأ,80
"no, my frst time",80
لا توقف,80
no!!!!,80
يتناقص,80
I dont want to tell,80
Nopes,80
Nevermind,80
no :(,80
nope. i am good,80
no stop,80
أنا أرفض,80
لا أريد أن أخبر اسم شركتي,80
nehi,80
decline,80
I do not need help installing,80
na,80
لا تسير على ما يرام على الإطلاق,80
أبداً,80
i don't want either of those,80
no ma'am,80
NEIN,80
غ,80
لا شكرا,80
I'm not going to give it to you,80
لا أريد أيا من هؤلاء,80
لا اريد ان اقول,80
لا تريد هذا!,80
سيئ جدا,80
NO,80
non,80
رقم!!!!,80
لا ، وقتي الأول,80
لا انا لا اريد,80
لا!,80
not really,80
لا ولا مرة أخرى,80
i dont want to accept :P lol,80
very bad,80
no i dont want to,80
لا آسف,80
i'm not sure,80
لا ليس بالفعل كذلك.,80
ينكر,80
رقم.,80
i don not like this,80
nö,80
لا,80
I don't want to,80
شكرا ولكن لا شكرا,80
No,80
لا أنا لا أقبل,80
no,80
heeey,81
hey bot!,81
hi mrs rasa,81
hi i'm [Sandra Hernandez](name),81
jop,81
hiihihi,81
salut,81
مرحبا مرحبا,81
Hieeeeeeeeeeeee,81
هاي,81
hello sweet boy,81
مرحبا,81
مرحبا لنتحدث,81
Whats up,81
Whats up?,81
hhola,81
هناك,81
HEY,81
whats up,81
هيييي,81
merhaba,81
مرحبا ايم [أماندا أندرسون] (الاسم),81
sup,81
hi?,81
hi,81
اهلا يا دودى,81
HI Sara,81
مهلا ، لنتحدث,81
مرحبا راسا,81
تصرف بنضج,81
bonjour,81
hey,81
hey sara,81
hi Mister,81
مرحبا..,81
يو,81
Whats up my bot,81
Hi!,81
HI,81
Hei,81
rasa hello,81
hey ther,81
hello,81
Guten Morgen,81
hello],81
greet,81
مرحبا حبيبي,81
heyo,81
Hello!,81
hi.........................................................,81
يا,81
hello world,81
كونيتشيوا,81
"hey, sara!",81
Hallo,81
Hellllooooooo,81
Hey,81
Hi there,81
أهلاً بك,81
hellio,81
ayyyy whaddup,81
hi friends,81
hey rasa,81
what up,81
yo,81
تحية,81
صباح الخير,81
مرحبا يا رجل,81
مرحبا هذا انا مرة اخرى,81
ما أخبارك؟,81
"hey, let's talk",81
Hi',81
مرحبا يا فتى,81
hola,81
الهيليوم,81
hi sara,81
Heya,81
ssup؟,81
مهلا,81
صحة,81
wasssup,81
heelio,81
HELLO,81
halo,81
yoo,81
مساء الخير,81
hallo sara,81
hallo,81
مرحبا بال!,81
jojojo,81
مرحبا صديقي,81
Hi rasa,81
مرحبا جميعا,81
مرحبا ممكن تتكلم,81
أهلا],81
مرحبا يا أصدقاء,81
howdy,81
مرحبًا ، أنا [ساندرا هيرنانديز] (الاسم),81
أهلاً,81
ما ظهرت,81
hello there,81
قلت مرحبا !!!!,81
good evening,81
hi !,81
hii,81
اشعر بالترحيب,81
هالة,81
hello sara,81
أهلا,81
HEllo,81
هذه,81
hi!,81
مرحبا ساره!,81
أهلاً',81
ما أخبارك,81
مرحبا بالعالم,81
Hieeeeeeeeee,81
hi hi,81
Good Morning,81
Hello Bot,81
مرحبا ساره,81
whats popping,81
مرحبا ايها الفتى الحلو,81
هيليو,81
Hello Rasa,81
مرحبا بوت,81
الكالينجيون,81
"Hi,",81
Hey bot,81
wasssup!,81
Hello Sara,81
Hello sara,81
hello hi,81
أهلا مرة أخرى,81
مرحبا !,81
hello everybody,81
konichiwa,81
Hieee,81
يا بوت,81
helloooo,81
مرحبا!,81
hi friend,81
hi there it's me,81
مرحبا هل هناك أحد,81
heyho,81
Hi Sara!,81
مرحبا................................................. ........,81
مرحبا يا من هناك ؛),81
مرحبًا أيها الروبوت,81
hai,81
hey hey,81
"I said, helllllloooooO!!!!",81
hey there,81
Hi,81
hello robot,81
مرحبا ها انا,81
مرحبا ذوق,81
heya,81
halloo,81
good moring,81
غريب,81
hellooo,81
hey there boy,81
نعم,81
كيف الحال؟,81
Bom dia,81
مرحبا يا رفاق,81
hlo,81
مرحبا سارة..,81
hello Sara,81
halo sara,81
helleo,81
hello it is me again,81
ssup?,81
Well hello there ;),81
Hey Sara,81
الوشق,81
الوشق!,81
hell9o,81
Heylo,81
مرحبًا!,81
hieee,81
Hi bot,81
hey bot,81
Hi sara..,81
hey there..,81
hello is anybody there,81
رئيس ey,81
رشفة,81
ey boss,81
hi there,81
مرحبا سارة,81
greetings,81
هيا,81
تحية طيبة,81
hi again,81
hello?,81
"hello, my name is [Charles Pfeffer](name)",81
أهلاً،,81
What is up?,81
hiii,81
"Hi, bot",81
مرحبا السيدة راسا,81
good morning,81
ما يصل,81
جوجو,81
مرحبا؟,81
Good mourning,81
مرحبًا ، اسمي [Charles Pfeffer] (الاسم),81
ما الأمر بوت بلدي,81
هييا,81
Hi sara,81
hi im [Amanda Anderson](name),81
Hola,81
مرحبا يا سارة!,81
hello friend,81
أنا [كارين ميس] (الاسم),81
hey let's talk,81
Bonjour,81
مرحبًا,81
ola sara,81
hi folks,81
يا قارب,81
hi can you speak ?,81
Good morning,81
halloooo,81
يا بوت!,81
مرحبا يا صديقي,81
شكر كثيرا,82
شكرا لك على كل حال,82
great thanks,82
thankyou,82
عظيم شكرا,82
cool thanks,82
thanks,82
في صحتك يا أخي,82
Thank's!,82
thank you,82
شكرا,82
Thank you Sara,82
cool thank you,82
شكرا هذه أخبار رائعة,82
cheers,82
نعم شكرا,82
شكرًا!,82
رائع شكرا,82
thank you anyways,82
ok thanks!,82
thanks this is great news,82
حسنا، شكرا,82
شكرًا لك,82
ok thanks sara,82
"Great, thanks",82
thanks for your information,82
thanks a lot,82
Thanks!,82
شكر,82
شكراً لك,82
thanks!,82
شكرا على ذلك,82
شكرا على معلوماتك,82
Thanks,82
شكرا جزيلا على كل شيء,82
Thanks for that,82
شكرا للمساعدة,82
Thanks bot,82
Cool. Thanks,82
Thank you,82
شكرا لك,82
thx,82
رائع. شكرًا,82
شكرا لك سارة,82
thnks,82
مذهل شكرا,82
رائع شكرا لك,82
شكرا جزيلا,82
"cool, thanks",82
thanks for the help,82
"thanks for forum link, I'll check it out",82
thank u,82
شكرًا,82
شكراً جزيلاً,82
ok thanks,82
شكرا بوت,82
what's up?,83
ماذا يحدث هنا؟,83
How are you today?,83
اهلا كيف حالك؟,83
hw r u?,83
ناه ، أنا بخير كيف حالك؟,83
how are xou,83
هل كل شيء بخير,83
wassup&gt;,83
is everything all right,83
ما آخر ما توصلت اليه؟,83
how is it going,83
how r u ?,83
هل كل شيء على ما يرام؟,83
هل انت بخير,83
how is your evening,83
اهلا كيف انت؟,83
ما هو جيد,83
"HI Sara, what are you up to?",83
I'm fine and you,83
كيف حالك؟؟؟؟,83
انت بخير,83
كيف هو مسائك,83
How are you men?,83
كيف حالك هذا الصباح,83
how is your day,83
مرحباً سارة ، كيف الحال,83
كيف الامور؟,83
هل كل شيء على ما يرام,83
How you doing?,83
كيف حالكم ؟,83
وأنت,83
okay hi how are you?,83
how are you doing today my sweet friend,83
كيف أنت,83
how do you do?,83
How've you been?,83
whatsapp,83
whatchya upto ?,83
how are you',83
how are you today,83
حسنا مرحبا كيف حالك,83
مرحبا كيف حالك؟,83
كيف حالك؟,83
are you cool,83
حرو؟,83
and you,83
كيف تجري الامور؟,83
كيف الحياة,83
كيف حالك&gt;,83
what's up,83
how are you ?,83
كيف حالكم؟,83
How's life treating you friend?,83
مرحبا ساره! كيف حالك؟,83
how are things with you?,83
how's it going?,83
wassup>,83
hey how are you?,83
How was your day?,83
كيف حالك ؟,83
كيف تجري الامور,83
كيف تشعر,83
هل لديك يوم رائع؟,83
What's up man,83
What's new?,83
كيف هي احوالك؟,83
كيف تعاملك الحياة يا صديقي؟,83
كيف حالك اليوم؟,83
how's life been treating you?,83
how are you?,83
how are you doing today?,83
how you doing,83
أنا بخير وأنت,83
Do you have a great day?,83
كيف كان يومك؟,83
yow are you,83
ماذا هنالك يا رجل,83
How are you?,83
كيف حالك اليوم يا صديقي الجميل,83
how are u?,83
howareyou,83
هل تحظى بيوم جيد,83
مرحبا، كيف حالك,83
كيف حالك رسا,83
are you alright,83
كيف هي الأمور معك؟,83
how are you doing?,83
how r u,83
Do you feel good?,83
ماذا يحدث,83
مرحبا سارة كيف حالك,83
كيف هي الأمور؟,83
ال WhatsApp,83
how are things going,83
what about your day,83
هل أنت بخير,83
What's up,83
hi how u doing,83
how are you????,83
whats new,83
how are you doing,83
Hows it going,83
اهوي ماتي كيف حالك؟,83
ما أخبارك؟,83
ماذا عن يومك,83
How's it hanging?,83
how's life,83
how are yuo,83
are you happy,83
كيف الحال يا سارة,83
كيف حالكم يارجال؟,83
ما هو الجديد؟,83
whats goin on,83
How are things?,83
مرحبا سارة ، ما الذي تنوي فعله؟,83
h r u ?,83
Ahoy matey how are you?,83
"hi sara, how are you?",83
how are u,83
Is everything ok?,83
كيف حالك اليوم ؟,83
what are you up to?,83
are you okay,83
Hi Sara! How are you?,83
كيف كنت؟,83
are you ok,83
كيف يسير يومك,83
"hello, how are you?",83
كيف كان حالك؟,83
what's up sara,83
how are you doing this morning,83
how is your day going,83
how's your day going,83
كيف حالك,83
هل أنت مسرور,83
How are you,83
how are you Rasa,83
"Hey Sara, how's it going",83
"nah, I'm good   how are you doing?",83
how are you,83
كيف أنت؟,83
How are You?,83
كيف يومك,83
whatchcha تفعل,83
are you having a good day,83
Are you ok?,83
ما هو الجديد,83
هل أنت جيد,83
whatchcha doing,83
What's going on?,83
اين مسقط رأسك,84
What state were you born in?,84
You live around here?,84
اين قضيت شبابك,84
What citizenship do you lay claim to?,84
من أي بلد أنت,84
من اين,84
Where might you be from?,84
What city were you born in?,84
Where did you come from?,84
What is your original location?,84
So where are you from,84
Where were you at before you were here?,84
من أين؟,84
ما هو مكان ولادتك؟,84
من اين انت؟,84
أين ولدت؟,84
من أين قد تكون؟,84
من اين اتيت,84
أين جذورك؟,84
Where were you born?,84
Where are your roots?,84
Where did you originate?,84
where's your home town?,84
What city are you in?,84
What country are you from?,84
where do you come from?,84
where are from,84
Do you know where you come from?,84
where did you spend your youth?,84
من أين هم والديك؟,84
What is your birthplace?,84
Around where are you from?,84
Where do you come from?,84
أين موقعك؟,84
هل تعرف من أين أتيت؟,84
What's the name of the place you came from?,84
ما اسم المكان الذي أتيت منه؟,84
what country are you from?,84
ما المدينة التي ولدت بها؟,84
من اي منطقة انت؟,84
where are you from,84
are you from around here?,84
Where did you grow up?,84
What location are you from?,84
where are you from?,84
Where do you consider home?,84
What area are you from?,84
لقد ولدت في أي مكان؟,84
هل تعيشين هنا؟,84
من أي بلد حضرتك؟,84
هل أنت من الجوار؟,84
في أي بلد ولدت؟,84
What country were you born in?,84
في اي مدينة انت؟,84
من أين أتيت؟,84
أين أنت؟,84
ما هو موقعك الأصلي؟,84
From where did you come?,84
Where from?,84
من أين أنت؟,84
من أي البلاد أنت؟,84
where did you come from?,84
أين كنت قبل أن تكون هنا؟,84
What is your origin?,84
Where do you live?,84
في أي ولاية ولدت؟,84
أين تعيش؟,84
Where are your origins?,84
What is your root?,84
where do you live,84
ما هو جذرك؟,84
اين اصولك,84
Where are you located?,84
where did you grow up?,84
ما المدينة التي تدعيها عند ولادتك؟,84
tell me who you are,85
what are you?,85
what is you name,85
who the hell are you?,85
اسمك؟,85
who r u,85
who are you?,85
ماذا يمكنني أن أدعوك,85
hi what is your name?,85
who are u,85
who are you,85
ما هو اسمك,85
who is this,85
what's your name,85
what is you name and where are you from,85
what I can call you,85
what is your name,85
what is ur name,85
من انت,85
your name?,85
ما أنت؟,85
من أنت,85
اهلا مااسمك؟,85
ما اسمك ومن اين انت,85
what is your name?,85
من أنت بحق الجحيم؟,85
ما اسمك؟,85
which email,86
تحدث معي عن voulette,86
show me a picture of a chicken,86
من فضلك أسرع ، لدي موعد نهائي في غضون أسبوعين لتسليم الروبوت لشركة كبيرة جدًا,86
كيف يمكنني اختبار هذا,86
اريد ان احتفل,86
what else?,86
how long will the next version will launch?,86
أكثر,86
اريد المزيد منك في حياتي!,86
mountain,86
[كريستين] (الاسم) ، أريد الزواج منك,86
أريد تناول الغداء,86
did i break you,86
بالكاد أستطيع رؤية هذا النص الأبيض على خلفية رمادية فاتحة ...,86
هذا لا يبدو مزحة,86
آسف ، لا يمكنني إعادة الصياغة,86
سأتأكد,86
"are u, facebook?",86
what is machine learning,86
هل يمكنك صنع السندويشات؟,86
eshdtjfjfyk,86
Can you get analytics on who I'm chatting with when I use Rasa,86
مثال على chatbot,86
but I just told you that :(,86
what did you eat for lunch?,86
is rasa any good,86
what's a newsletter?,86
يمكنك تعلم كيفية صنع القهوة,86
Is today saturday?,86
السياقية,86
إلى أي بريد إلكتروني يجب أن أرسل؟,86
i want to order a pizza,86
أخبرني المزيد عن الإجراء التالي الأفضل,86
ولكن إذا كان rasa مفتوح المصدر فلماذا لديك فريق مبيعات,86
كيف,86
i want more of you in my life!,86
أي بريد إلكتروني,86
هل عندك صورتك,86
كيف تقول حسنا,86
everything,86
hang on let me find it,86
what lnu mean?,86
But you're an english site :(,86
ما هي النشرة؟,86
رائع ، أود شراء منزل,86
ما هو الفرق بين البوت والتميمة؟,86
أريد أن أموت,86
when is the next train is coming?,86
أحاول بناء واحدة ، وقمت ببعض الأبحاث من قبل ، لكني لم أقم بالعمل بعد,86
how are the kids,86
لديك أطفال؟,86
who is the president of india ?,86
اريد ان ارى زبائنك السعداء,86
lunch??,86
i want to see your happy customers,86
I am hungry,86
tertyryutyi,86
HomeBase is advertised as a community. Is there a way to interact with other members of the community?,86
really? you're so touchy?,86
what do you think abou siri?,86
give me food,86
what is the capital of india,86
I want to die,86
i want pizza,86
what is the real use case where we can use this one,86
wheres the party?,86
i want to eat,86
Is Rasa really smart?,86
[german](language)?,86
what is the current petrol price,86
مكان كتابة الأوامر,86
ما هذا,86
هل يمكن أن تعطيني فنجان قهوة؟,86
"oh my god, not again!",86
ماذا تفضل؟,86
أريد البيتزا!!,86
I'm a shitmuncher,86
can you learn from our conversation?,86
على أي نظام يعتمد على البرمجة اللغوية العصبية التي تقوم ببنائها؟,86
أريد شراء طائرة,86
is it allow to,86
are you vegan,86
سيارات,86
tell me more about next best action,86
I am asking you an out of scope question,86
يا أمي الصغيرة دعها تهمس في أذنك,86
please help with my ice cream it's dripping,86
هل انت الفيسبوك,86
cr,86
with you recommend me?,86
ما هو اليوم ؟,86
شخص ما يتصل بالشرطة أعتقد أن الروبوت مات,86
هل تستطيع التحدث عن السياسة,86
اريد حجز فندق,86
البحث في ويكيبيديا,86
لماذا السماء زرقاء,86
tricked  ya,86
ماذا أكلت اليوم؟,86
كم هي 10 + 89,86
كم من الوقت يستغرق إعداد روبوت Rasa؟,86
which file is created first while developing chat bot,86
Can you give me your datacenter's password?,86
Today,86
رخصة,86
I wan to buy a plane,86
remember my name,86
ماذا؟,86
اين انا الان,86
ما هو عدم التزامن LNU؟,86
ما رأيك في gdpr؟,86
The weather is good,86
كم هو جيد رسا,86
what do you think about [Stanley Ramirez](name)?,86
sudo إعادة التشغيل,86
ابحث عن أقرب [بيتزا] (شركة),86
هل هي أرض قاحلة مليئة بأجزاء الروبوت المكسورة؟,86
Can I ask you questions first?,86
شيء آخر,86
اين اوسلو,86
أحتاج إلى GP في 94301,86
I want french cuisine,86
من هو [شارون زيكس] (الاسم)؟,86
"common, just try",86
"i am hungry, what should i do?",86
"please hurry, i have deadline in two weeks to deliver the bot it is for very big company",86
what?,86
Cars,86
أحتاج على الفور إلى مساعدة في تنفيذ أروع روبوت يمكنك تخيله,86
I want to use pipe,86
من فضلك فوليت,86
umm,86
i immediately need help with implementing the coolest bot you can imagine,86
بيتزا,86
"alexa, order 5 tons of natrium chloride",86
هل تحبين كرة القدم,86
are you russian?,86
where is mexico?,86
هل لديك عرض؟,86
help with my life,86
again?,86
you lock sweety,86
من أين أحصل على ملفات التثبيت لنظام التشغيل Mac؟,86
how do you learn,86
i want to buy a roomba for my grandson,86
what is the day ?,86
i hope you will be better,86
what do oyu think about siri?,86
i am hungry,86
who is the MD of samsung bangalore ?,86
اين المكسيك,86
"yeah, my dog was drinking a couple of litres of water per day and tried drinking the swimming pool",86
من هو العضو المنتدب لشركة سامسونج بنغالور؟,86
is it a wasteland full of broken robot parts?,86
coronavirus,86
اريد لعب الكرة,86
إنني جائع أنا جوعان,86
can you help me with your docs?,86
contextual,86
سؤال خارج النطاق.,86
انتظر قليلا ما زلت أقرأ,86
search wikipedia,86
يرجى تشغيل الموسيقى,86
Can you give me your datacenter's password,86
whats that,86
your contry name,86
الرجاء المساعدة مع الآيس كريم الخاص بي أنه يقطر,86
do you want to marry me?,86
4 + 2 = ?,86
اريد flycam جيدة,86
you're a woman,86
تعبئة رصيد,86
هل تستحق النشرة الإشتراك؟,86
أنا أطرح عليك سؤالاً خارج النطاق,86
ما هي حالة الاستخدام الحقيقية حيث يمكننا استخدام هذا,86
مساعدة في حياتي,86
Do I have to accept?,86
هذا مثير للشفقة,86
i want to find new friends,86
طلب جيد,86
which city are you talking about?,86
نعم ، كان كلبي يشرب بضعة لترات من الماء يوميًا ويحاول شرب حمام السباحة,86
هل يمكنك مساعدتي في مستنداتك؟,86
هل سمعت عن كورونا؟,86
can you understand ?,86
شراء البقالة,86
هل يمكنني طرح الأسئلة عليك أولاً؟,86
اسم بلدك,86
Now?,86
أنا جائع,86
I already told you! I'm a shitmuncher,86
كيف يمكنني الحصول عليهم؟,86
kiss me,86
ما هي مساعدي الذكاء الاصطناعي السياقي وما مدى اختلافهم عن روبوتات الدردشة؟,86
I have installed it,86
are you sick,86
ما هو جينجيرال,86
how can i test this,86
What's 1 + 1?,86
ما هو التطور؟,86
silly bot,86
لا ، أنا بحاجة إلى النقود ، والمال! هل تمتلكه ؟,86
ما هي استخداماتك للجامعات,86
a tamed mouse will arrive at your doorstep in the next couple of days,86
من هو رئيس الهند؟,86
المستندات,86
what is adlingo,86
طيب واحد ثم,86
الجو جيد,86
oh wait i gave you my work email address can i change it?,86
I want to go palghar,86
هل يمكنك الحصول على تحليلات حول من أتحدث معه عندما أستخدم Rasa,86
how about NYC,86
who is [Sharon Zeches](name),86
who let the dog out,86
هل يمكنك مساعدتي في المستندات؟,86
أرسل لي الخطوات,86
what is a discourse?,86
what is your address?,86
tell me about yourself,86
can you speak about politic ?,86
إبادة جماعية,86
Pizza bot,86
ما الذي يجعلك أفضل من الإنسان؟,86
ما رأيك في [ستانلي راميريز] (الاسم)؟,86
ما هو نظامك الخلفي؟,86
what's 5 + 5,86
من سيرد على بريدي الإلكتروني؟,86
i need money,86
لايمكن الرؤية,86
voulette voulette,86
قبّلني,86
فوليت فوليت,86
doctor,86
what is google rcs,86
أليست النشرة الإخبارية مجرد بريد مزعج؟,86
غداء؟؟,86
أي ملف يتم إنشاؤه أولاً أثناء تطوير روبوت الدردشة,86
i want good flycam,86
مساعدة في [ألما أبرامز] (الاسم),86
NLW,86
I am an opioid addict,86
do you have a phone number?,86
who was hitler,86
I want a new laptop,86
أنا مدمن أفيوني,86
"great, I'd like to buy a house",86
انا جائع فماذا افعل,86
Where am I?,86
هل أنت أعزب,86
who's Bill Gates?,86
Who are your customers,86
لديك وظيفة شاغرة,86
connect to alexa,86
هل تؤمن بالله؟,86
يجب أن تتعلم العد,86
do you like football,86
أم,86
After registration I see that I have an available balance of 0.00000000. What does this balance represent?,86
أعطيني طعاما,86
can we keep chatting?,86
how to get rasa studio,86
أنا ف ف,86
genocide,86
how to go to newyork ?,86
هل هذا روبوت المحادثة موجه نحو الهدف؟,86
لماذا تم تعيين درجة الثقة الخاصة بي على 50 بعد أن أكملت عملية التسجيل؟,86
mail me the steps,86
عليك أن,86
what is nice?,86
i want to fly,86
عُد,86
what do you think of alexa,86
can you give me a cup of coffee,86
I need a GP in 94301,86
i do not care how are you,86
لا أستطيع التعامل مع طلبك _your_,86
سيصل الماوس المروض إلى عتبة داركم في اليومين المقبلين,86
what is your purpose,86
اريد كمبيوتر محمول جديد,86
i want play ball,86
اين الحفلة؟,86
do you liek cheese?,86
What day is it today?,86
يتم الإعلان عن HomeBase كمجتمع. هل هناك طريقة للتفاعل مع أعضاء آخرين في المجتمع؟,86
i told you already,86
order pizza,86
whta you think about gdpr?,86
تعويذة تعني؟,86
هل يمكنني الموت,86
هل يمكننا الاستمرار في الدردشة؟,86
who will anser my email?,86
are you dev?,86
"مرحبا لقد اتصلت بك منذ يومين و لكن لم أتلق ردا أي أخبار؟",86
"[Kristin](name), I want to marry you",86
ماذا يعني lnu؟,86
hey little mama let em whisper in your ear,86
اريد ان اتزوجك,86
اريد ان اجد اصدقاء جدد,86
انتظر ، أعطيتك عنوان البريد الإلكتروني الخاص بالعمل ، هل يمكنني تغييره؟,86
where do i type in commandy,86
The Try it out is not working,86
اصنع لي شطيرة,86
You'r blue.,86
كم هو 10 + 89؟,86
what films do you like,86
ماذا اكلت على الغداء؟,86
احجز تذكرة,86
ما هو 5 + 5,86
Do you know [Kevin Pelton](name),86
لذا ، أنا أساعد الآن في تدريبك؟,86
you have to,86
ماهو تاريخ اليوم,86
هل أنت أعزب؟,86
أريد أن أعرف الوضع الحالي في باكستان,86
سوف تقتلني,86
please hjave lunchj,86
I want book a hotel,86
معك تنصحني؟,86
call me father,86
ما نوع البوت؟,86
do you have your photo?,86
ok one then,86
ما هي عاصمة دلهي,86
قلت لك مسبقا,86
خبير راسا,86
What's do YouTube do,86
اريد ان احجز فندق,86
لماذا لا تجيب,86
Won't you ask me how I am?,86
"so, I'm helping right now to training you?",86
لقد حصلت على GP في 94301,86
تكرارا؟,86
I am User,86
can you cheer me up,86
how do you like your coffee,86
do you believe in god?,86
is that any of your business,86
هل يمكنك مساعدتي في مستنداتك,86
I need a girl friend!,86
how much is 10 + 89 ?,86
ما الذي يفعله YouTube,86
بعد التسجيل أرى أن لدي رصيد متاح قدره 0.00000000. ماذا يمثل هذا التوازن؟,86
Can you make sandwiches?,86
Can you please send me an uber,86
it's a pity,86
on wiche nlp based system are you build?,86
i am qq,86
هل كسرتك,86
offer me lunch,86
how are [Alicia Jackson](name)'s cats doing?,86
كيف حال الاولاد,86
اسمي ك,86
are the newsletter worth the subscription?,86
Mail me the guide,86
the one that is better than you,86
you already have that,86
اي نوع,86
هل يمكن أن تعطيني كلمة مرور مركز البيانات الخاص بك,86
what is the capital of delhi,86
What do you prefer?,86
هل تحب الافلام,86
contextua,86
give me a girl friend,86
please play music,86
shitmuncher,86
غوغل؟,86
sfasd,86
انتظر اسمحوا لي أن أجدها,86
كيف حال قطط [أليسيا جاكسون] (الاسم)؟,86
have you heard of corona?,86
gsaf,86
من ؟,86
هل تريد الزواج مني؟,86
هل رأيت [كيث رايلي] (الاسم)؟,86
ما هو التميمة,86
هل علي أن أقبل؟,86
هل لديك رقم هاتف؟,86
من هم عملاؤك,86
what are your uses for universities,86
هل تعرف [كيفن بيلتون] (الاسم),86
يرجى hjave lunchj,86
rasa topics,86
اريد كافيه,86
لقد أخبرتك بالفعل! أنا هراء,86
flight catch up,86
Try it out broken,86
اتصل بالشرطة,86
المنطقة مع عدم وجود. من السجلات,86
التعلم الالي,86
who are the engineers at rasa?,86
i m looking for job,86
but if rasa is open source why do you have a sales team,86
لماذا تسمى راسا؟,86
isn't the newsletter just spam?,86
كيف يقارن اليكسا,86
طبيب,86
كل شىء,86
do you like movies,86
خدمة مخصصة,86
Recharge,86
من سمح للكلب بالخروج,86
لكنك موقع انجليزي :(,86
what the latest news ?,86
انت امراة,86
هو هذا أي من عملك,86
What makes you better than a human?,86
الصينية طيب؟,86
which is the LNU asynchronism ?,86
expert of rasa,86
Are you ready?,86
المحاولة لا تعمل,86
Why don’t you answer?,86
أحتاج للمال,86
someone call the police i think the bot died,86
how many lines of codes,86
هل انت روسية؟,86
do you know me,86
تحديث,86
أرني صورة لدجاجة,86
ستعرفها من الوردة الحمراء الوحيدة التي تحملها بين أسنانها,86
أنا أتعلم بيثون,86
I wanna marry you,86
من هو بيل جيتس؟,86
that doesn't sound like a joke,86
ما هو الخطاب,86
you girl,86
هل يستطيع يوتيوب التحدث؟,86
what doing,86
I am an opioid addic,86
"no, i need cash, money! Do you have it ?",86
كيفية الحصول على استوديو rasa,86
is [John Lewis](name) still married to you,86
أليكسا ، اطلب 5 أطنان من كلوريد النيتريوم,86
فيروس كورونا,86
أنت أزرق.,86
Hi i want to go palghar,86
machine learning,86
أريد أن أذهب بالغر,86
رحلة اللحاق بالركب,86
ما هو عنوانك؟,86
winter is already leaving,86
سوف أروض فأر لك,86
ما هو هدفك,86
have you ever seen [Keith Reilly](name)?,86
أتمنى أن تكون أفضل,86
أرغب في معرفة ما يمكنك بناءه باستخدام rasa,86
هل التقينا من قبل؟,86
I need to eat cake,86
drhdtjfjfyj,86
هل اليوم السبت؟,86
أريد أن آكل,86
غني لي اغنية,86
اختر لي شيئا,86
that link doesn't work!,86
كيف أذهب إلى نيويورك؟,86
اريد طعاما,86
أين أنا؟,86
ماذا أفعل بعد حزمة cd starter pack rasa stack؟,86
هل يمكن أن تعطيني كلمة مرور مركز البيانات الخاصة بك؟,86
هل يمكنك حجز العشاء,86
من كان هتلر,86
you should learn to count,86
what type of bot?,86
هل حقا؟ أنت حساس جدا؟,86
ماذا عن مدينة نيويورك,86
شخصي أم عمل؟,86
هل يسمح ل,86
how come you say ok ?,86
هل يمكنك أن ترسل لي اوبر من فضلك,86
اليوم,86
license,86
أطفئ موقدي,86
ماذا تفعل الان؟,86
i can't deal with _your_ request,86
ألن تسألني كيف أنا؟,86
هل انت مريض,86
who is your favourite robot?,86
what is evolution ?,86
i´m hungry,86
what's your wife doing this weekend,86
Can I get a hamburger?,86
ما آخر الأخبار؟,86
better than you,86
where do i get install files for mac?,86
بوت سخيف,86
book a ticket,86
اي نوع من الطيور انت,86
ما هو جوجل rcs,86
ماهو اليوم؟,86
refresh,86
you can learn how to make a coffe,86
اسم جميل,86
ي bhbhj,86
هل انت مطور,86
get me a club mate,86
what you ate today?,86
قدم لي الغداء,86
more,86
حدثني عن نفسك,86
هل يمكنك طهي العشاء,86
are you single?,86
do you sell vacuum robots?,86
what does your soul feel my friend,86
اريد أن أطير,86
how,86
SEL ME SOMETHING,86
I will check,86
أسدكجاسدجكاسد,86
[اللغة الالمانية)؟,86
order good,86
Is this Goal Oriented Chatbot?,86
what is differance between bot and mascot?,86
Do you have a demo?,86
aRE YOU SINGLE,86
هل يمكنك التعلم من حديثنا؟,86
اريد المطبخ الفرنسي,86
ما هو التعلم الآلي,86
how good is Rasa,86
ماذا عن حالة الطقس,86
هذا الارتباط لا يعمل!,86
do you know ras,86
من هم مهندسو rasa؟,86
سودو اصنع لي شطيرة,86
i will tame a mouse for you,86
4 + 2 =؟,86
my name k,86
i want food,86
اطلب البيتزا,86
هل أنت جاهز؟,86
how long have you been online?,86
can you cook dinner,86
انا بحاجة الى صديقة!,86
whats the sign,86
what is a mascot,86
"I am trying to build one, and did some research before, but I have not do hand on work yet",86
ما هو سعر البنزين الحالي,86
dinner,86
how much is 10 + 89,86
كم عدد سطور الرموز,86
What's your backend system?,86
who are they?,86
i want to find out what you can build with rasa,86
asdkjasdhjkasd,86
colder,86
help with [Alma Abrams](name),86
احضر لي رفيق النادي,86
please voulette,86
What did you eat yesterday?,86
docs,86
what i do after cd starter pack rasa stack?,86
لا يهمني كيف حالك,86
i want to grab lunch,86
google?,86
Have we met before?,86
wsdrcftvgybhnj,86
السياق,86
sudo make me a sandwich,86
ما هو adlingo,86
ما هو لطيف؟,86
is rasa a studio?,86
أنا مستخدم,86
what's gingerale,86
chgfhgh,86
لماذا تحتاج ذلك؟,86
what about wheather,86
Where am I right now?,86
تذكر اسمي,86
انا غيرت رأيي,86
i want caffe,86
"hey, I contacted you a couple of days ago but didn't get any response, any news?",86
"يا إلهي ليس مرة أخري!",86
region with no. of records,86
بيتزا بوت,86
custom service,86
كيف تحب القهوة الخاص بك,86
كيف تتعلم,86
ما رايك ابو سيري,86
you have job opening,86
"sorry, i cannot rephrase",86
هل راسا استوديو؟,86
من هؤلاء؟,86
i wanna party,86
sing me a song,86
i want to know current situtation in pakistan,86
will u kill me,86
where to type in commands,86
ما هي العلامة,86
الاتصال اليكسا,86
which email should i send to ?,86
هل تضع الجبن,86
أنا بحاجة لأكل كعكة,86
شائع ، فقط جرب,86
buy one please,86
asdfgasd,86
how can i get them?,86
why do you need that?,86
turn off my stove,86
are u facebook,86
what are you doing now?,86
ماذا تفعل زوجتك في نهاية هذا الاسبوع,86
why sky is blue?,86
I can barely see this white text on light gray background ...,86
سجل تجاري,86
أرسل لي الدليل,86
talk to me about voulette,86
will u kill me?,86
j  bhbhj,86
هل تبيع روبوتات فراغ؟,86
أريد استخدام الأنابيب,86
Why is my TRUST score set to 50 after I completed the registration process?,86
من هو الروبوت المفضل لديك؟,86
هذا فقط؟,86
Can I die,86
mascot means?,86
مواضيع rasa,86
جربها مكسورة,86
لكني قلت لك فقط:,86
only that?,86
الشتاء يغادر بالفعل,86
how it compares to alexa,86
أبرد,86
أنا هراء,86
lunch,86
sudo reboot,86
هو أي خير,86
personal or work?,86
ما رأيك في سيري؟,86
ı am learning python,86
إلى متى سيبدأ الإصدار التالي؟,86
ما هي عاصمة الهند,86
هل يمكنني الحصول على همبرغر؟,86
ما رأيك في اليكسا,86
هل راسا ذكية حقًا؟,86
go back,86
شراء واحدة من فضلك,86
which kind,86
Find nearest [pizzahut](company),86
بماذا تشعر روحك يا صديقي,86
i want a non dripping ice cream,86
ماذا اكلت بالامس؟,86
where is Oslo?,86
What is your hobbies?,86
can you book dinner,86
متى سيأتي القطار التالي؟,86
I want to order pizza,86
هل تعرفني,86
CALL THE POLICE,86
اتصل بي يا أبي,86
example of a chatbot,86
ماذا بعد؟,86
can you help me with your docs,86
I changed my mind,86
منذ متى وانت متصل؟,86
cannot see,86
كنت فتاة,86
أفضل منك,86
مرحبًا ، أريد الذهاب إلى Palghar,86
لقد قمت بتثبيته,86
why its called rasa ?,86
أريد أن أطلب بيتزا,86
أريد البيتزا,86
هل بإمكانك إعادة الإتصال بي ؟,86
would you like some water,86
ما هي الافلام التي تحبها,86
هل ما زال [جون لويس] (الاسم) متزوجًا منك,86
أعطني صديقة,86
i want pizza!!,86
Nice name,86
انا ابحث عن عمل,86
هل يمكنك ابتهاجي,86
وجبة عشاء,86
Can YouTube talk?,86
buy groceries,86
the beatles,86
you will know it from the single red rose it carries between its teeth,86
هل أنت نباتي,86
أريد شراء غرفة رومبا لحفيدي,86
can you help me with the docs?,86
What is todays date,86
ما هو 1 + 1؟,86
أنا لست مطورًا ولكني بحاجة إلى هذا للعمل,86
حاليا؟,86
Out of scope question.,86
I want pizza,86
أين أكتب في أمر,86
i am not a developer but need this for business,86
هل تعرف راس,86
أريد آيس كريم غير مقطر,86
البيتلز,86
chinese ok?,86
عن اي مدينه تتحدث,86
Who ?,86
no wait go back i want a dripping ice cream but a cone that catches it so you can drink the ice cream later,86
لديك هذا بالفعل,86
you have children?,86
ljljl,86
what kind of bird are you?,86
أنت قفل حبيبي,86
هل تريد بعض الماء,86
ما هي هواياتك؟,86
لا داعي للانتظار ، أعود ، أريد آيس كريم مقطرًا ولكن مخروطًا يمسكه حتى تتمكن من شرب الآيس كريم لاحقًا,86
ماذا تفعل,86
pizza,86
